Ward name,New code,Median Household income estimate (2012/13)
City of London,E09000001,"63,620"
Barking and Dagenham - Abbey,E05000026,"33,920"
Barking and Dagenham - Alibon,E05000027,"32,470"
Barking and Dagenham - Becontree,E05000028,"33,000"
Barking and Dagenham - Chadwell Heath,E05000029,"33,920"
Barking and Dagenham - Eastbrook,E05000030,"37,400"
Barking and Dagenham - Eastbury,E05000031,"32,870"
Barking and Dagenham - Gascoigne,E05000032,"29,480"
Barking and Dagenham - Goresbrook,E05000033,"33,250"
Barking and Dagenham - Heath,E05000034,"31,340"
Barking and Dagenham - Longbridge,E05000035,"40,570"
Barking and Dagenham - Mayesbrook,E05000036,"31,530"
Barking and Dagenham - Parsloes,E05000037,"31,860"
Barking and Dagenham - River,E05000038,"33,490"
Barking and Dagenham - Thames,E05000039,"32,580"
Barking and Dagenham - Valence,E05000040,"33,200"
Barking and Dagenham - Village,E05000041,"31,960"
Barking and Dagenham - Whalebone,E05000042,"37,180"
Barnet - Brunswick Park,E05000043,"39,800"
Barnet - Burnt Oak,E05000044,"29,400"
Barnet - Childs Hill,E05000045,"38,960"
Barnet - Colindale,E05000046,"30,170"
Barnet - Coppetts,E05000047,"38,090"
Barnet - East Barnet,E05000048,"39,870"
Barnet - East Finchley,E05000049,"41,160"
Barnet - Edgware,E05000050,"38,410"
Barnet - Finchley Church End,E05000051,"45,030"
Barnet - Garden Suburb,E05000052,"53,090"
Barnet - Golders Green,E05000053,"40,800"
Barnet - Hale,E05000054,"38,590"
Barnet - Hendon,E05000055,"38,530"
Barnet - High Barnet,E05000056,"43,940"
Barnet - Mill Hill,E05000057,"41,920"
Barnet - Oakleigh,E05000058,"41,670"
Barnet - Totteridge,E05000059,"46,150"
Barnet - Underhill,E05000060,"37,040"
Barnet - West Finchley,E05000061,"42,050"
Barnet - West Hendon,E05000062,"35,090"
Barnet - Woodhouse,E05000063,"38,220"
Bexley - Barnehurst,E05000064,"38,200"
Bexley - Belvedere,E05000065,"33,510"
Bexley - Blackfen and Lamorbey,E05000066,"40,780"
Bexley - Blendon and Penhill,E05000067,"40,340"
Bexley - Brampton,E05000068,"40,790"
Bexley - Christchurch,E05000069,"40,190"
Bexley - Colyers,E05000070,"34,450"
Bexley - Crayford,E05000071,"34,900"
Bexley - Cray Meadows,E05000072,"35,530"
Bexley - Danson Park,E05000073,"38,580"
Bexley - East Wickham,E05000074,"36,260"
Bexley - Erith,E05000075,"33,160"
Bexley - Falconwood and Welling,E05000076,"39,000"
Bexley - Lesnes Abbey,E05000077,"35,630"
Bexley - Longlands,E05000078,"40,880"
Bexley - North End,E05000079,"29,930"
Bexley - Northumberland Heath,E05000080,"37,130"
Bexley - St. Mary's,E05000081,"44,010"
Bexley - St. Michael's,E05000082,"38,510"
Bexley - Sidcup,E05000083,"41,220"
Bexley - Thamesmead East,E05000084,"32,100"
Brent - Alperton,E05000085,"31,250"
Brent - Barnhill,E05000086,"34,630"
Brent - Brondesbury Park,E05000087,"40,020"
Brent - Dollis Hill,E05000088,"30,990"
Brent - Dudden Hill,E05000089,"33,470"
Brent - Fryent,E05000090,"35,590"
Brent - Harlesden,E05000091,"27,030"
Brent - Kensal Green,E05000092,"34,640"
Brent - Kenton,E05000093,"42,190"
Brent - Kilburn,E05000094,"34,270"
Brent - Mapesbury,E05000095,"36,830"
Brent - Northwick Park,E05000096,"41,100"
Brent - Preston,E05000097,"35,960"
Brent - Queens Park,E05000098,"42,880"
Brent - Queensbury,E05000099,"35,110"
Brent - Stonebridge,E05000100,"25,800"
Brent - Sudbury,E05000101,"33,530"
Brent - Tokyngton,E05000102,"33,130"
Brent - Welsh Harp,E05000103,"31,620"
Brent - Wembley Central,E05000104,"31,040"
Brent - Willesden Green,E05000105,"31,390"
Bromley - Bickley,E05000106,"47,190"
Bromley - Biggin Hill,E05000107,"40,930"
Bromley - Bromley Common and Keston,E05000108,"40,510"
Bromley - Bromley Town,E05000109,"43,460"
Bromley - Chelsfield and Pratts Bottom,E05000110,"44,850"
Bromley - Chislehurst,E05000111,"46,250"
Bromley - Clock House,E05000112,"41,650"
Bromley - Copers Cope,E05000113,"43,170"
Bromley - Cray Valley East,E05000114,"32,230"
Bromley - Cray Valley West,E05000115,"31,740"
Bromley - Crystal Palace,E05000116,"34,060"
Bromley - Darwin,E05000117,"42,810"
Bromley - Farnborough and Crofton,E05000118,"44,590"
Bromley - Hayes and Coney Hall,E05000119,"45,660"
Bromley - Kelsey and Eden Park,E05000120,"44,700"
Bromley - Mottingham and Chislehurst North,E05000121,"32,330"
Bromley - Orpington,E05000122,"38,090"
Bromley - Penge and Cator,E05000123,"36,090"
Bromley - Petts Wood and Knoll,E05000124,"48,530"
Bromley - Plaistow and Sundridge,E05000125,"39,460"
Bromley - Shortlands,E05000126,"48,020"
Bromley - West Wickham,E05000127,"46,210"
Camden - Belsize,E05000128,"52,680"
Camden - Bloomsbury,E05000129,"40,340"
Camden - Camden Town with Primrose Hill,E05000130,"45,840"
Camden - Cantelowes,E05000131,"39,060"
Camden - Fortune Green,E05000132,"46,800"
Camden - Frognal and Fitzjohns,E05000133,"60,310"
Camden - Gospel Oak,E05000134,"39,990"
Camden - Hampstead Town,E05000135,"62,840"
Camden - Haverstock,E05000136,"35,730"
Camden - Highgate,E05000137,"47,840"
Camden - Holborn and Covent Garden,E05000138,"40,180"
Camden - Kentish Town,E05000139,"41,230"
Camden - Kilburn,E05000140,"34,730"
Camden - King's Cross,E05000141,"32,890"
Camden - Regent's Park,E05000142,"34,260"
Camden - St. Pancras and Somers Town,E05000143,"30,500"
Camden - Swiss Cottage,E05000144,"50,340"
Camden - West Hampstead,E05000145,"46,290"
Croydon - Addiscombe,E05000146,"38,070"
Croydon - Ashburton,E05000147,"38,600"
Croydon - Bensham Manor,E05000148,"33,530"
Croydon - Broad Green,E05000149,"31,000"
Croydon - Coulsdon East,E05000150,"42,660"
Croydon - Coulsdon West,E05000151,"46,610"
Croydon - Croham,E05000152,"42,260"
Croydon - Fairfield,E05000153,"39,130"
Croydon - Fieldway,E05000154,"26,720"
Croydon - Heathfield,E05000155,"39,770"
Croydon - Kenley,E05000156,"44,160"
Croydon - New Addington,E05000157,"28,770"
Croydon - Norbury,E05000158,"36,810"
Croydon - Purley,E05000159,"44,600"
Croydon - Sanderstead,E05000160,"47,030"
Croydon - Selhurst,E05000161,"31,220"
Croydon - Selsdon and Ballards,E05000162,"45,320"
Croydon - Shirley,E05000163,"39,500"
Croydon - South Norwood,E05000164,"34,430"
Croydon - Thornton Heath,E05000165,"33,720"
Croydon - Upper Norwood,E05000166,"37,430"
Croydon - Waddon,E05000167,"34,630"
Croydon - West Thornton,E05000168,"32,400"
Croydon - Woodside,E05000169,"33,890"
Ealing - Acton Central,E05000170,"36,500"
Ealing - Cleveland,E05000171,"41,730"
Ealing - Dormers Wells,E05000172,"29,350"
Ealing - Ealing Broadway,E05000173,"45,540"
Ealing - Ealing Common,E05000174,"43,600"
Ealing - East Acton,E05000175,"32,930"
Ealing - Elthorne,E05000176,"38,970"
Ealing - Greenford Broadway,E05000177,"30,500"
Ealing - Greenford Green,E05000178,"35,420"
Ealing - Hanger Hill,E05000179,"44,760"
Ealing - Hobbayne,E05000180,"36,220"
Ealing - Lady Margaret,E05000181,"32,520"
Ealing - Northfield,E05000182,"48,480"
Ealing - North Greenford,E05000183,"36,480"
Ealing - Northolt Mandeville,E05000184,"31,950"
Ealing - Northolt West End,E05000185,"28,550"
Ealing - Norwood Green,E05000186,"29,020"
Ealing - Perivale,E05000187,"36,040"
Ealing - South Acton,E05000188,"34,300"
Ealing - Southall Broadway,E05000189,"27,930"
Ealing - Southall Green,E05000190,"27,150"
Ealing - Southfield,E05000191,"50,170"
Ealing - Walpole,E05000192,"46,240"
Enfield - Bowes,E05000193,"36,300"
Enfield - Bush Hill Park,E05000194,"41,800"
Enfield - Chase,E05000195,"36,350"
Enfield - Cockfosters,E05000196,"43,570"
Enfield - Edmonton Green,E05000197,"26,010"
Enfield - Enfield Highway,E05000198,"29,450"
Enfield - Enfield Lock,E05000199,"30,240"
Enfield - Grange,E05000200,"45,960"
Enfield - Haselbury,E05000201,"29,600"
Enfield - Highlands,E05000202,"43,540"
Enfield - Jubilee,E05000203,"30,800"
Enfield - Lower Edmonton,E05000204,"28,110"
Enfield - Palmers Green,E05000205,"37,970"
Enfield - Ponders End,E05000206,"28,560"
Enfield - Southbury,E05000207,"33,260"
Enfield - Southgate,E05000208,"41,520"
Enfield - Southgate Green,E05000209,"42,750"
Enfield - Town,E05000210,"42,300"
Enfield - Turkey Street,E05000211,"28,960"
Enfield - Upper Edmonton,E05000212,"28,480"
Enfield - Winchmore Hill,E05000213,"45,880"
Greenwich - Abbey Wood,E05000214,"31,540"
Greenwich - Blackheath Westcombe,E05000215,"49,160"
Greenwich - Charlton,E05000216,"37,940"
Greenwich - Coldharbour and New Eltham,E05000217,"38,390"
Greenwich - Eltham North,E05000218,"43,120"
Greenwich - Eltham South,E05000219,"37,120"
Greenwich - Eltham West,E05000220,"34,250"
Greenwich - Glyndon,E05000221,"31,690"
Greenwich - Greenwich West,E05000222,"42,270"
Greenwich - Kidbrooke with Hornfair,E05000223,"35,740"
Greenwich - Middle Park and Sutcliffe,E05000224,"35,340"
Greenwich - Peninsula,E05000225,"41,840"
Greenwich - Plumstead,E05000226,"32,390"
Greenwich - Shooters Hill,E05000227,"39,030"
Greenwich - Thamesmead Moorings,E05000228,"34,450"
Greenwich - Woolwich Common,E05000229,"30,260"
Greenwich - Woolwich Riverside,E05000230,"33,540"
Hackney - Brownswood,E05000231,"40,070"
Hackney - Cazenove,E05000232,"38,130"
Hackney - Chatham,E05000233,"32,510"
Hackney - Clissold,E05000234,"45,450"
Hackney - Dalston,E05000235,"38,230"
Hackney - De Beauvoir,E05000236,"39,060"
Hackney - Hackney Central,E05000237,"35,260"
Hackney - Hackney Downs,E05000238,"35,700"
Hackney - Haggerston,E05000239,"36,080"
Hackney - Hoxton,E05000240,"34,970"
Hackney - King's Park,E05000241,"31,970"
Hackney - Leabridge,E05000242,"35,110"
Hackney - Lordship,E05000243,"39,940"
Hackney - New River,E05000244,"35,590"
Hackney - Queensbridge,E05000245,"36,720"
Hackney - Springfield,E05000246,"33,570"
Hackney - Stoke Newington Central,E05000247,"42,400"
Hackney - Victoria,E05000248,"37,350"
Hackney - Wick,E05000249,"32,890"
Hammersmith and Fulham - Addison,E05000250,"43,970"
Hammersmith and Fulham - Askew,E05000251,"38,450"
Hammersmith and Fulham - Avonmore and Brook Green,E05000252,"43,350"
Hammersmith and Fulham - College Park and Old Oak,E05000253,"30,890"
Hammersmith and Fulham - Fulham Broadway,E05000254,"42,130"
Hammersmith and Fulham - Fulham Reach,E05000255,"42,010"
Hammersmith and Fulham - Hammersmith Broadway,E05000256,"39,500"
Hammersmith and Fulham - Munster,E05000257,"50,240"
Hammersmith and Fulham - North End,E05000258,"39,510"
Hammersmith and Fulham - Palace Riverside,E05000259,"53,330"
Hammersmith and Fulham - Parsons Green and Walham,E05000260,"55,720"
Hammersmith and Fulham - Ravenscourt Park,E05000261,"45,510"
Hammersmith and Fulham - Sands End,E05000262,"44,170"
Hammersmith and Fulham - Shepherd's Bush Green,E05000263,"36,430"
Hammersmith and Fulham - Town,E05000264,"47,940"
Hammersmith and Fulham - Wormholt and White City,E05000265,"31,860"
Haringey - Alexandra,E05000266,"51,450"
Haringey - Bounds Green,E05000267,"34,550"
Haringey - Bruce Grove,E05000268,"30,340"
Haringey - Crouch End,E05000269,"52,070"
Haringey - Fortis Green,E05000270,"49,950"
Haringey - Harringay,E05000271,"37,150"
Haringey - Highgate,E05000272,"53,710"
Haringey - Hornsey,E05000273,"40,260"
Haringey - Muswell Hill,E05000274,"53,910"
Haringey - Noel Park,E05000275,"30,620"
Haringey - Northumberland Park,E05000276,"25,090"
Haringey - St. Ann's,E05000277,"32,460"
Haringey - Seven Sisters,E05000278,"33,500"
Haringey - Stroud Green,E05000279,"44,780"
Haringey - Tottenham Green,E05000280,"28,920"
Haringey - Tottenham Hale,E05000281,"27,340"
Haringey - West Green,E05000282,"31,110"
Haringey - White Hart Lane,E05000283,"27,010"
Haringey - Woodside,E05000284,"32,010"
Harrow - Belmont,E05000285,"42,380"
Harrow - Canons,E05000286,"39,890"
Harrow - Edgware,E05000287,"33,600"
Harrow - Greenhill,E05000288,"37,550"
Harrow - Harrow on the Hill,E05000289,"39,630"
Harrow - Harrow Weald,E05000290,"36,940"
Harrow - Hatch End,E05000291,"42,350"
Harrow - Headstone North,E05000292,"44,470"
Harrow - Headstone South,E05000293,"39,090"
Harrow - Kenton East,E05000294,"32,880"
Harrow - Kenton West,E05000295,"38,400"
Harrow - Marlborough,E05000296,"34,450"
Harrow - Pinner,E05000297,"43,950"
Harrow - Pinner South,E05000298,"49,420"
Harrow - Queensbury,E05000299,"35,030"
Harrow - Rayners Lane,E05000300,"40,310"
Harrow - Roxbourne,E05000301,"32,130"
Harrow - Roxeth,E05000302,"35,110"
Harrow - Stanmore Park,E05000303,"39,210"
Harrow - Wealdstone,E05000304,"32,080"
Harrow - West Harrow,E05000305,"40,210"
Havering - Brooklands,E05000306,"35,250"
Havering - Cranham,E05000307,"42,250"
Havering - Elm Park,E05000308,"34,730"
Havering - Emerson Park,E05000309,"43,790"
Havering - Gooshays,E05000310,"29,400"
Havering - Hacton,E05000311,"39,740"
Havering - Harold Wood,E05000312,"37,010"
Havering - Havering Park,E05000313,"33,590"
Havering - Heaton,E05000314,"29,560"
Havering - Hylands,E05000315,"39,890"
Havering - Mawneys,E05000316,"35,820"
Havering - Pettits,E05000317,"40,010"
Havering - Rainham and Wennington,E05000318,"34,470"
Havering - Romford Town,E05000319,"37,160"
Havering - St. Andrew's,E05000320,"38,130"
Havering - South Hornchurch,E05000321,"33,160"
Havering - Squirrel's Heath,E05000322,"41,740"
Havering - Upminster,E05000323,"47,580"
Hillingdon - Barnhill,E05000324,"31,800"
Hillingdon - Botwell,E05000325,"30,700"
Hillingdon - Brunel,E05000326,"34,630"
Hillingdon - Cavendish,E05000327,"43,970"
Hillingdon - Charville,E05000328,"35,410"
Hillingdon - Eastcote and East Ruislip,E05000329,"47,380"
Hillingdon - Harefield,E05000330,"37,990"
Hillingdon - Heathrow Villages,E05000331,"33,170"
Hillingdon - Hillingdon East,E05000332,"37,250"
Hillingdon - Ickenham,E05000333,"48,770"
Hillingdon - Manor,E05000334,"43,460"
Hillingdon - Northwood,E05000335,"46,550"
Hillingdon - Northwood Hills,E05000336,"43,320"
Hillingdon - Pinkwell,E05000337,"31,830"
Hillingdon - South Ruislip,E05000338,"40,060"
Hillingdon - Townfield,E05000339,"30,430"
Hillingdon - Uxbridge North,E05000340,"41,470"
Hillingdon - Uxbridge South,E05000341,"34,270"
Hillingdon - West Drayton,E05000342,"32,680"
Hillingdon - West Ruislip,E05000343,"43,470"
Hillingdon - Yeading,E05000344,"33,240"
Hillingdon - Yiewsley,E05000345,"32,340"
Hounslow - Bedfont,E05000346,"31,870"
Hounslow - Brentford,E05000347,"35,040"
Hounslow - Chiswick Homefields,E05000348,"51,830"
Hounslow - Chiswick Riverside,E05000349,"49,680"
Hounslow - Cranford,E05000350,"30,860"
Hounslow - Feltham North,E05000351,"32,850"
Hounslow - Feltham West,E05000352,"34,010"
Hounslow - Hanworth,E05000353,"31,150"
Hounslow - Hanworth Park,E05000354,"34,340"
Hounslow - Heston Central,E05000355,"33,580"
Hounslow - Heston East,E05000356,"34,030"
Hounslow - Heston West,E05000357,"29,490"
Hounslow - Hounslow Central,E05000358,"35,830"
Hounslow - Hounslow Heath,E05000359,"32,530"
Hounslow - Hounslow South,E05000360,"39,920"
Hounslow - Hounslow West,E05000361,"31,890"
Hounslow - Isleworth,E05000362,"34,790"
Hounslow - Osterley and Spring Grove,E05000363,"42,140"
Hounslow - Syon,E05000364,"37,040"
Hounslow - Turnham Green,E05000365,"47,080"
Islington - Barnsbury,E05000366,"44,970"
Islington - Bunhill,E05000367,"39,200"
Islington - Caledonian,E05000368,"35,840"
Islington - Canonbury,E05000369,"40,590"
Islington - Clerkenwell,E05000370,"43,350"
Islington - Finsbury Park,E05000371,"33,620"
Islington - Highbury East,E05000372,"47,810"
Islington - Highbury West,E05000373,"43,800"
Islington - Hillrise,E05000374,"39,090"
Islington - Holloway,E05000375,"35,430"
Islington - Junction,E05000376,"39,470"
Islington - Mildmay,E05000377,"39,300"
Islington - St. George's,E05000378,"40,860"
Islington - St. Mary's,E05000379,"46,190"
Islington - St. Peter's,E05000380,"43,870"
Islington - Tollington,E05000381,"38,090"
Kensington and Chelsea - Abingdon,E05000382,"54,690"
Kensington and Chelsea - Brompton,E05000383,"64,320"
Kensington and Chelsea - Campden,E05000384,"65,500"
Kensington and Chelsea - Colville,E05000385,"43,560"
Kensington and Chelsea - Courtfield,E05000386,"61,810"
Kensington and Chelsea - Cremorne,E05000387,"43,920"
Kensington and Chelsea - Earl's Court,E05000388,"44,100"
Kensington and Chelsea - Golborne,E05000389,"30,100"
Kensington and Chelsea - Hans Town,E05000390,"58,100"
Kensington and Chelsea - Holland,E05000391,"54,770"
Kensington and Chelsea - Norland,E05000392,"53,430"
Kensington and Chelsea - Notting Barns,E05000393,"36,690"
Kensington and Chelsea - Pembridge,E05000394,"55,710"
Kensington and Chelsea - Queen's Gate,E05000395,"63,630"
Kensington and Chelsea - Redcliffe,E05000396,"54,550"
Kensington and Chelsea - Royal Hospital,E05000397,"60,600"
Kensington and Chelsea - St. Charles,E05000398,"36,100"
Kensington and Chelsea - Stanley,E05000399,"54,990"
Kingston upon Thames - Alexandra,E05000400,"41,390"
Kingston upon Thames - Berrylands,E05000401,"42,330"
Kingston upon Thames - Beverley,E05000402,"40,700"
Kingston upon Thames - Canbury,E05000403,"45,600"
Kingston upon Thames - Chessington North and Hook,E05000404,"37,230"
Kingston upon Thames - Chessington South,E05000405,"38,310"
Kingston upon Thames - Coombe Hill,E05000406,"45,650"
Kingston upon Thames - Coombe Vale,E05000407,"44,320"
Kingston upon Thames - Grove,E05000408,"41,410"
Kingston upon Thames - Norbiton,E05000409,"34,650"
Kingston upon Thames - Old Malden,E05000410,"41,760"
Kingston upon Thames - St. James,E05000411,"41,850"
Kingston upon Thames - St. Mark's,E05000412,"44,930"
Kingston upon Thames - Surbiton Hill,E05000413,"43,160"
Kingston upon Thames - Tolworth and Hook Rise,E05000414,"37,840"
Kingston upon Thames - Tudor,E05000415,"48,530"
Lambeth - Bishop's,E05000416,"40,360"
Lambeth - Brixton Hill,E05000417,"39,050"
Lambeth - Clapham Common,E05000418,"49,520"
Lambeth - Clapham Town,E05000419,"44,960"
Lambeth - Coldharbour,E05000420,"32,220"
Lambeth - Ferndale,E05000421,"39,480"
Lambeth - Gipsy Hill,E05000422,"36,650"
Lambeth - Herne Hill,E05000423,"41,700"
Lambeth - Knight's Hill,E05000424,"36,950"
Lambeth - Larkhall,E05000425,"37,260"
Lambeth - Oval,E05000426,"39,200"
Lambeth - Prince's,E05000427,"37,600"
Lambeth - St. Leonard's,E05000428,"39,880"
Lambeth - Stockwell,E05000429,"35,050"
Lambeth - Streatham Hill,E05000430,"39,250"
Lambeth - Streatham South,E05000431,"36,710"
Lambeth - Streatham Wells,E05000432,"38,270"
Lambeth - Thornton,E05000433,"41,880"
Lambeth - Thurlow Park,E05000434,"41,600"
Lambeth - Tulse Hill,E05000435,"35,610"
Lambeth - Vassall,E05000436,"34,830"
Lewisham - Bellingham,E05000437,"31,340"
Lewisham - Blackheath,E05000438,"44,870"
Lewisham - Brockley,E05000439,"38,100"
Lewisham - Catford South,E05000440,"39,070"
Lewisham - Crofton Park,E05000441,"42,560"
Lewisham - Downham,E05000442,"30,880"
Lewisham - Evelyn,E05000443,"30,560"
Lewisham - Forest Hill,E05000444,"40,960"
Lewisham - Grove Park,E05000445,"36,150"
Lewisham - Ladywell,E05000446,"40,290"
Lewisham - Lee Green,E05000447,"42,760"
Lewisham - Lewisham Central,E05000448,"35,760"
Lewisham - New Cross,E05000449,"31,520"
Lewisham - Perry Vale,E05000450,"39,130"
Lewisham - Rushey Green,E05000451,"34,670"
Lewisham - Sydenham,E05000452,"37,060"
Lewisham - Telegraph Hill,E05000453,"37,230"
Lewisham - Whitefoot,E05000454,"32,840"
Merton - Abbey,E05000455,"45,370"
Merton - Cannon Hill,E05000456,"42,320"
Merton - Colliers Wood,E05000457,"38,780"
Merton - Cricket Green,E05000458,"29,930"
Merton - Dundonald,E05000459,"49,910"
Merton - Figge's Marsh,E05000460,"30,860"
Merton - Graveney,E05000461,"35,580"
Merton - Hillside,E05000462,"51,480"
Merton - Lavender Fields,E05000463,"33,360"
Merton - Longthornton,E05000464,"34,350"
Merton - Lower Morden,E05000465,"38,730"
Merton - Merton Park,E05000466,"46,300"
Merton - Pollards Hill,E05000467,"31,940"
Merton - Ravensbury,E05000468,"32,330"
Merton - Raynes Park,E05000469,"49,340"
Merton - St. Helier,E05000470,"32,530"
Merton - Trinity,E05000471,"47,380"
Merton - Village,E05000472,"62,200"
Merton - West Barnes,E05000473,"44,170"
Merton - Wimbledon Park,E05000474,"50,730"
Newham - Beckton,E05000475,"34,100"
Newham - Boleyn,E05000476,"31,630"
Newham - Canning Town North,E05000477,"28,910"
Newham - Canning Town South,E05000478,"32,870"
Newham - Custom House,E05000479,"31,840"
Newham - East Ham Central,E05000480,"32,380"
Newham - East Ham North,E05000481,"32,340"
Newham - East Ham South,E05000482,"31,430"
Newham - Forest Gate North,E05000483,"34,270"
Newham - Forest Gate South,E05000484,"34,550"
Newham - Green Street East,E05000485,"31,570"
Newham - Green Street West,E05000486,"31,080"
Newham - Little Ilford,E05000487,"29,730"
Newham - Manor Park,E05000488,"31,580"
Newham - Plaistow North,E05000489,"30,740"
Newham - Plaistow South,E05000490,"31,750"
Newham - Royal Docks,E05000491,"38,580"
Newham - Stratford and New Town,E05000492,"35,840"
Newham - Wall End,E05000493,"32,330"
Newham - West Ham,E05000494,"32,310"
Redbridge - Aldborough,E05000495,"37,310"
Redbridge - Barkingside,E05000496,"39,620"
Redbridge - Bridge,E05000497,"39,320"
Redbridge - Chadwell,E05000498,"36,700"
Redbridge - Church End,E05000499,"45,410"
Redbridge - Clayhall,E05000500,"41,450"
Redbridge - Clementswood,E05000501,"30,230"
Redbridge - Cranbrook,E05000502,"38,290"
Redbridge - Fairlop,E05000503,"37,560"
Redbridge - Fullwell,E05000504,"35,690"
Redbridge - Goodmayes,E05000505,"33,820"
Redbridge - Hainault,E05000506,"31,520"
Redbridge - Loxford,E05000507,"28,500"
Redbridge - Mayfield,E05000508,"35,630"
Redbridge - Monkhams,E05000509,"48,780"
Redbridge - Newbury,E05000510,"35,550"
Redbridge - Roding,E05000511,"41,040"
Redbridge - Seven Kings,E05000512,"34,480"
Redbridge - Snaresbrook,E05000513,"45,160"
Redbridge - Valentines,E05000514,"34,900"
Redbridge - Wanstead,E05000515,"46,370"
Richmond upon Thames - Barnes,E05000516,"55,450"
Richmond upon Thames - East Sheen,E05000517,"56,090"
Richmond upon Thames - Fulwell and Hampton Hill,E05000518,"48,810"
"Richmond upon Thames - Ham, Petersham & Richmond Riverside",E05000519,"44,870"
Richmond upon Thames - Hampton,E05000520,"46,750"
Richmond upon Thames - Hampton North,E05000521,"39,440"
Richmond upon Thames - Hampton Wick,E05000522,"46,760"
Richmond upon Thames - Heathfield,E05000523,"36,950"
Richmond upon Thames - Kew,E05000524,"52,130"
Richmond upon Thames - Mortlake and Barnes Common,E05000525,"50,100"
Richmond upon Thames - North Richmond,E05000526,"50,860"
Richmond upon Thames - St. Margarets & North Twickenham,E05000527,"52,870"
Richmond upon Thames - South Richmond,E05000528,"52,690"
Richmond upon Thames - South Twickenham,E05000529,"51,380"
Richmond upon Thames - Teddington,E05000530,"50,600"
Richmond upon Thames - Twickenham Riverside,E05000531,"51,350"
Richmond upon Thames - West Twickenham,E05000532,"45,040"
Richmond upon Thames - Whitton,E05000533,"42,230"
Southwark - Brunswick Park,E05000534,"36,310"
Southwark - Camberwell Green,E05000535,"31,840"
Southwark - Cathedrals,E05000536,"40,430"
Southwark - Chaucer,E05000537,"37,780"
Southwark - College,E05000538,"42,600"
Southwark - East Dulwich,E05000539,"48,670"
Southwark - East Walworth,E05000540,"31,010"
Southwark - Faraday,E05000541,"30,760"
Southwark - Grange,E05000542,"38,500"
Southwark - Livesey,E05000543,"28,880"
Southwark - Newington,E05000544,"34,190"
Southwark - Nunhead,E05000545,"33,540"
Southwark - Peckham,E05000546,"30,030"
Southwark - Peckham Rye,E05000547,"42,820"
Southwark - Riverside,E05000548,"43,110"
Southwark - Rotherhithe,E05000549,"36,970"
Southwark - South Bermondsey,E05000550,"31,150"
Southwark - South Camberwell,E05000551,"41,130"
Southwark - Surrey Docks,E05000552,"45,410"
Southwark - The Lane,E05000553,"37,940"
Southwark - Village,E05000554,"58,400"
Sutton - Beddington North,E05000555,"39,290"
Sutton - Beddington South,E05000556,"35,600"
Sutton - Belmont,E05000557,"44,260"
Sutton - Carshalton Central,E05000558,"42,200"
Sutton - Carshalton South and Clockhouse,E05000559,"44,270"
Sutton - Cheam,E05000560,"46,220"
Sutton - Nonsuch,E05000561,"42,640"
Sutton - St. Helier,E05000562,"31,040"
Sutton - Stonecot,E05000563,"39,210"
Sutton - Sutton Central,E05000564,"35,660"
Sutton - Sutton North,E05000565,"38,060"
Sutton - Sutton South,E05000566,"40,460"
Sutton - Sutton West,E05000567,"41,610"
Sutton - The Wrythe,E05000568,"36,790"
Sutton - Wallington North,E05000569,"38,710"
Sutton - Wallington South,E05000570,"37,960"
Sutton - Wandle Valley,E05000571,"32,330"
Sutton - Worcester Park,E05000572,"40,610"
Tower Hamlets - Bethnal Green North,E05000573,"36,230"
Tower Hamlets - Bethnal Green South,E05000574,"32,860"
Tower Hamlets - Blackwall and Cubitt Town,E05000575,"43,330"
Tower Hamlets - Bow East,E05000576,"36,800"
Tower Hamlets - Bow West,E05000577,"41,000"
Tower Hamlets - Bromley-by-Bow,E05000578,"31,980"
Tower Hamlets - East India and Lansbury,E05000579,"29,680"
Tower Hamlets - Limehouse,E05000580,"36,260"
Tower Hamlets - Mile End and Globe Town,E05000581,"34,300"
Tower Hamlets - Mile End East,E05000582,"32,510"
Tower Hamlets - Millwall,E05000583,"46,940"
Tower Hamlets - St. Dunstan's and Stepney Green,E05000584,"32,930"
Tower Hamlets - St. Katherine's and Wapping,E05000585,"50,770"
Tower Hamlets - Shadwell,E05000586,"36,360"
Tower Hamlets - Spitalfields and Banglatown,E05000587,"39,910"
Tower Hamlets - Weavers,E05000588,"37,760"
Tower Hamlets - Whitechapel,E05000589,"37,600"
Waltham Forest - Cann Hall,E05000590,"32,700"
Waltham Forest - Cathall,E05000591,"30,950"
Waltham Forest - Chapel End,E05000592,"36,440"
Waltham Forest - Chingford Green,E05000593,"39,280"
Waltham Forest - Endlebury,E05000594,"38,580"
Waltham Forest - Forest,E05000595,"36,080"
Waltham Forest - Grove Green,E05000596,"36,350"
Waltham Forest - Hale End and Highams Park,E05000597,"39,490"
Waltham Forest - Hatch Lane,E05000598,"36,110"
Waltham Forest - High Street,E05000599,"34,810"
Waltham Forest - Higham Hill,E05000600,"31,270"
Waltham Forest - Hoe Street,E05000601,"34,890"
Waltham Forest - Larkswood,E05000602,"35,170"
Waltham Forest - Lea Bridge,E05000603,"31,450"
Waltham Forest - Leyton,E05000604,"31,040"
Waltham Forest - Leytonstone,E05000605,"38,700"
Waltham Forest - Markhouse,E05000606,"33,780"
Waltham Forest - Valley,E05000607,"34,250"
Waltham Forest - William Morris,E05000608,"35,070"
Waltham Forest - Wood Street,E05000609,"35,130"
Wandsworth - Balham,E05000610,"53,420"
Wandsworth - Bedford,E05000611,"46,410"
Wandsworth - Earlsfield,E05000612,"44,360"
Wandsworth - East Putney,E05000613,"49,010"
Wandsworth - Fairfield,E05000614,"48,590"
Wandsworth - Furzedown,E05000615,"38,240"
Wandsworth - Graveney,E05000616,"37,960"
Wandsworth - Latchmere,E05000617,"34,990"
Wandsworth - Nightingale,E05000618,"50,790"
Wandsworth - Northcote,E05000619,"55,810"
Wandsworth - Queenstown,E05000620,"39,580"
Wandsworth - Roehampton,E05000621,"30,320"
Wandsworth - St. Mary's Park,E05000622,"44,720"
Wandsworth - Shaftesbury,E05000623,"50,410"
Wandsworth - Southfields,E05000624,"48,160"
Wandsworth - Thamesfield,E05000625,"55,380"
Wandsworth - Tooting,E05000626,"36,000"
Wandsworth - Wandsworth Common,E05000627,"51,420"
Wandsworth - West Hill,E05000628,"40,360"
Wandsworth - West Putney,E05000629,"43,280"
Westminster - Abbey Road,E05000630,"52,200"
Westminster - Bayswater,E05000631,"49,960"
Westminster - Bryanston and Dorset Square,E05000632,"51,370"
Westminster - Churchill,E05000633,"39,530"
Westminster - Church Street,E05000634,"26,290"
Westminster - Harrow Road,E05000635,"35,000"
Westminster - Hyde Park,E05000636,"46,880"
Westminster - Knightsbridge and Belgravia,E05000637,"88,330"
Westminster - Lancaster Gate,E05000638,"49,290"
Westminster - Little Venice,E05000639,"48,770"
Westminster - Maida Vale,E05000640,"45,660"
Westminster - Marylebone High Street,E05000641,"58,370"
Westminster - Queen's Park,E05000642,"32,260"
Westminster - Regent's Park,E05000643,"46,510"
Westminster - St. James's,E05000644,"52,520"
Westminster - Tachbrook,E05000645,"47,340"
Westminster - Vincent Square,E05000646,"46,550"
Westminster - Warwick,E05000647,"50,250"
Westminster - Westbourne,E05000648,"32,390"
Westminster - West End,E05000649,"54,970"
City of London,E09000001,"63,620"
Barking and Dagenham,E09000002,"34,080"
Barnet,E09000003,"54,530"
Bexley,E09000004,"44,430"
Brent,E09000005,"39,630"
Bromley,E09000006,"55,140"
Camden,E09000007,"67,990"
Croydon,E09000008,"45,120"
Ealing,E09000009,"45,690"
Enfield,E09000010,"41,250"
Greenwich,E09000011,"44,370"
Hackney,E09000012,"42,690"
Hammersmith and Fulham,E09000013,"62,910"
Haringey,E09000014,"45,860"
Harrow,E09000015,"49,060"
Havering,E09000016,"44,430"
Hillingdon,E09000017,"44,950"
Hounslow,E09000018,"44,490"
Islington,E09000019,"54,950"
Kensington and Chelsea,E09000020,"116,350"
Kingston upon Thames,E09000021,"56,920"
Lambeth,E09000022,"48,610"
Lewisham,E09000023,"43,360"
Merton,E09000024,"57,160"
Newham,E09000025,"34,260"
Redbridge,E09000026,"45,380"
Richmond upon Thames,E09000027,"76,610"
Southwark,E09000028,"48,000"
Sutton,E09000029,"49,170"
Tower Hamlets,E09000030,"45,720"
Waltham Forest,E09000031,"39,460"
Wandsworth,E09000032,"66,220"
Westminster,E09000033,"80,760"
London,E12000007,"51,770"
England,E92000001,"30,763"
Source:,,GLA estimates
